{"v":"5.6.10","fr":29.9700012207031,"ip":0,"op":91.000003706506,"w":250,"h":250,"nm":"Icons","ddd":0,"assets":[],"layers":[{"ddd":0,"ind":3,"ty":4,"nm":"Layer 3 Outlines","sr":1,"ks":{"o":{"a":0,"k":100,"ix":11},"r":{"a":0,"k":0,"ix":10},"p":{"a":0,"k":[124.781,124.781,0],"ix":2},"a":{"a":0,"k":[22.781,22.781,0],"ix":1},"s":{"a":1,"k":[{"i":{"x":[0.833,0.833,0.833],"y":[0.833,0.833,1]},"o":{"x":[0.8,0.8,0.8],"y":[0,0,0]},"t":30,"s":[500,500,100]},{"i":{"x":[0.2,0.2,0.2],"y":[1,1,1]},"o":{"x":[0.167,0.167,0.167],"y":[0.167,0.167,0]},"t":40,"s":[400,400,100]},{"t":50.0000020365418,"s":[500,500,100]}],"ix":6}},"ao":0,"shapes":[{"ty":"gr","it":[{"ind":0,"ty":"sh","ix":1,"ks":{"a":0,"k":{"i":[[2.218,0.066],[1.061,-3.475],[-0.518,0],[0.13,-1.233],[0.903,-1.429],[0.452,0],[0.484,2.201],[0.42,2.653],[1.68,-0.161],[1.422,-1.227],[1.065,-0.936],[0,0],[-0.161,0],[-0.647,-2.323],[-0.581,-2.131],[-1.258,0],[-2.935,3.816],[-0.097,2.102]],"o":[[-2.992,-0.097],[0.548,-0.235],[1.097,0],[-0.064,0.746],[-0.906,1.428],[-0.583,0],[-0.163,-0.646],[-0.388,-2.459],[-0.711,0.066],[-1.034,0.937],[0,0],[0.968,-0.678],[0.742,0],[0.581,2.131],[0.868,2.324],[2.031,0],[2.838,-3.654],[0.127,-2.813]],"v":[[7.588,-9.289],[1.508,-4.221],[3.107,-4.575],[4.559,-2.724],[3.107,0.537],[1.071,2.678],[-0.528,-0.622],[-1.401,-5.571],[-4.503,-9.018],[-7.702,-7.079],[-10.851,-4.268],[-9.836,-2.959],[-8.142,-3.977],[-6.062,-0.49],[-4.319,5.901],[-1.128,9.386],[6.321,3.663],[10.724,-4.971]],"c":true},"ix":2},"nm":"Path 1","mn":"ADBE Vector Shape - Group","hd":false},{"ty":"fl","c":{"a":0,"k":[0.13300000359,0.13300000359,0.128999986836,1],"ix":4},"o":{"a":0,"k":100,"ix":5},"r":1,"bm":0,"nm":"Fill 1","mn":"ADBE Vector Graphic - Fill","hd":false},{"ty":"tr","p":{"a":0,"k":[22.839,22.734],"ix":2},"a":{"a":0,"k":[0,0],"ix":1},"s":{"a":0,"k":[100,100],"ix":3},"r":{"a":0,"k":0,"ix":6},"o":{"a":0,"k":100,"ix":7},"sk":{"a":0,"k":0,"ix":4},"sa":{"a":0,"k":0,"ix":5},"nm":"Transform"}],"nm":"Group 1","np":2,"cix":2,"bm":0,"ix":1,"mn":"ADBE Vector Group","hd":false},{"ty":"gr","it":[{"ind":0,"ty":"sh","ix":1,"ks":{"a":0,"k":{"i":[[10.51,0],[0,0],[0,10.509],[-10.511,0],[0,-10.511]],"o":[[0,0],[-10.511,0],[0,-10.511],[10.51,0],[0,10.509]],"v":[[0.001,19.031],[0.001,19.031],[-19.031,0.001],[0.001,-19.031],[19.031,0.001]],"c":true},"ix":2},"nm":"Path 1","mn":"ADBE Vector Shape - Group","hd":false},{"ty":"st","c":{"a":0,"k":[0.13300000359,0.13300000359,0.128999986836,1],"ix":3},"o":{"a":0,"k":100,"ix":4},"w":{"a":0,"k":1.5,"ix":5},"lc":1,"lj":1,"ml":10,"bm":0,"nm":"Stroke 1","mn":"ADBE Vector Graphic - Stroke","hd":false},{"ty":"tr","p":{"a":0,"k":[22.781,22.78],"ix":2},"a":{"a":0,"k":[0,0],"ix":1},"s":{"a":0,"k":[100,100],"ix":3},"r":{"a":0,"k":0,"ix":6},"o":{"a":0,"k":100,"ix":7},"sk":{"a":0,"k":0,"ix":4},"sa":{"a":0,"k":0,"ix":5},"nm":"Transform"}],"nm":"Group 2","np":2,"cix":2,"bm":0,"ix":2,"mn":"ADBE Vector Group","hd":false}],"ip":0,"op":40.0000016292334,"st":0,"bm":0},{"ddd":0,"ind":4,"ty":4,"nm":"Layer 19 Outlines","sr":1,"ks":{"o":{"a":0,"k":100,"ix":11},"r":{"a":0,"k":0,"ix":10},"p":{"a":0,"k":[124.78,124.781,0],"ix":2},"a":{"a":0,"k":[19.28,19.281,0],"ix":1},"s":{"a":1,"k":[{"i":{"x":[0.833,0.833,0.833],"y":[0.833,0.833,1]},"o":{"x":[0.8,0.8,0.8],"y":[0,0,0]},"t":30,"s":[500,500,100]},{"i":{"x":[0.2,0.2,0.2],"y":[1,1,1]},"o":{"x":[0.167,0.167,0.167],"y":[0.167,0.167,0]},"t":40,"s":[400,400,100]},{"t":50.0000020365418,"s":[500,500,100]}],"ix":6}},"ao":0,"shapes":[{"ty":"gr","it":[{"ind":0,"ty":"sh","ix":1,"ks":{"a":0,"k":{"i":[[2.218,0.066],[1.062,-3.475],[-0.517,0],[0.13,-1.233],[0.904,-1.429],[0.452,0],[0.484,2.201],[0.42,2.653],[1.679,-0.161],[1.421,-1.227],[1.066,-0.936],[0,0],[-0.161,0],[-0.647,-2.323],[-0.581,-2.131],[-1.259,0],[-2.935,3.816],[-0.097,2.102]],"o":[[-2.992,-0.097],[0.548,-0.235],[1.098,0],[-0.064,0.746],[-0.905,1.428],[-0.583,0],[-0.163,-0.646],[-0.388,-2.459],[-0.712,0.066],[-1.034,0.937],[0,0],[0.967,-0.678],[0.741,0],[0.58,2.131],[0.869,2.324],[2.031,0],[2.839,-3.654],[0.127,-2.813]],"v":[[7.589,-9.289],[1.508,-4.221],[3.107,-4.575],[4.559,-2.724],[3.107,0.537],[1.072,2.678],[-0.527,-0.622],[-1.4,-5.571],[-4.501,-9.018],[-7.702,-7.079],[-10.852,-4.268],[-9.835,-2.959],[-8.141,-3.977],[-6.061,-0.49],[-4.32,5.901],[-1.126,9.386],[6.322,3.663],[10.725,-4.971]],"c":true},"ix":2},"nm":"Path 1","mn":"ADBE Vector Shape - Group","hd":false},{"ty":"fl","c":{"a":0,"k":[1,1,1,1],"ix":4},"o":{"a":0,"k":100,"ix":5},"r":1,"bm":0,"nm":"Fill 1","mn":"ADBE Vector Graphic - Fill","hd":false},{"ty":"tr","p":{"a":0,"k":[19.338,19.234],"ix":2},"a":{"a":0,"k":[0,0],"ix":1},"s":{"a":0,"k":[100,100],"ix":3},"r":{"a":0,"k":0,"ix":6},"o":{"a":0,"k":100,"ix":7},"sk":{"a":0,"k":0,"ix":4},"sa":{"a":0,"k":0,"ix":5},"nm":"Transform"}],"nm":"Group 1","np":2,"cix":2,"bm":0,"ix":1,"mn":"ADBE Vector Group","hd":false},{"ty":"gr","it":[{"ind":0,"ty":"sh","ix":1,"ks":{"a":0,"k":{"i":[[10.51,0],[0,0],[0,10.509],[-10.51,0],[0,-10.511]],"o":[[0,0],[-10.51,0],[0,-10.511],[10.51,0],[0,10.509]],"v":[[-0.001,19.031],[-0.001,19.031],[-19.031,0.001],[-0.001,-19.031],[19.031,0.001]],"c":true},"ix":2},"nm":"Path 1","mn":"ADBE Vector Shape - Group","hd":false},{"ty":"fl","c":{"a":0,"k":[0.102000000898,0.717999985639,0.917999985639,1],"ix":4},"o":{"a":0,"k":100,"ix":5},"r":1,"bm":0,"nm":"Fill 1","mn":"ADBE Vector Graphic - Fill","hd":false},{"ty":"tr","p":{"a":0,"k":[19.28,19.28],"ix":2},"a":{"a":0,"k":[0,0],"ix":1},"s":{"a":0,"k":[100,100],"ix":3},"r":{"a":0,"k":0,"ix":6},"o":{"a":0,"k":100,"ix":7},"sk":{"a":0,"k":0,"ix":4},"sa":{"a":0,"k":0,"ix":5},"nm":"Transform"}],"nm":"Group 2","np":2,"cix":2,"bm":0,"ix":2,"mn":"ADBE Vector Group","hd":false}],"ip":40.0000016292334,"op":91.000003706506,"st":0,"bm":0},{"ddd":0,"ind":33,"ty":4,"nm":"Shape Layer 2","td":1,"sr":1,"ks":{"o":{"a":0,"k":100,"ix":11},"r":{"a":0,"k":0,"ix":10},"p":{"a":0,"k":[125,125,0],"ix":2},"a":{"a":0,"k":[52.337,56.911,0],"ix":1},"s":{"a":1,"k":[{"i":{"x":[0.2,0.2,0.2],"y":[1,1,1]},"o":{"x":[0.2,0.2,0.2],"y":[0,0,0]},"t":40,"s":[0,0,100]},{"t":55.0000022401959,"s":[192,192,100]}],"ix":6}},"ao":0,"shapes":[{"ty":"gr","it":[{"d":1,"ty":"el","s":{"a":0,"k":[122.967,122.967],"ix":2},"p":{"a":0,"k":[0,0],"ix":3},"nm":"Ellipse Path 1","mn":"ADBE Vector Shape - Ellipse","hd":false},{"ty":"st","c":{"a":0,"k":[0.988235353956,0.376470618154,0.231372563979,1],"ix":3},"o":{"a":0,"k":100,"ix":4},"w":{"a":0,"k":0,"ix":5},"lc":1,"lj":1,"ml":4,"bm":0,"nm":"Stroke 1","mn":"ADBE Vector Graphic - Stroke","hd":false},{"ty":"fl","c":{"a":0,"k":[0,0,0,1],"ix":4},"o":{"a":0,"k":100,"ix":5},"r":1,"bm":0,"nm":"Fill 1","mn":"ADBE Vector Graphic - Fill","hd":false},{"ty":"tr","p":{"a":0,"k":[52.337,56.911],"ix":2},"a":{"a":0,"k":[0,0],"ix":1},"s":{"a":0,"k":[100,100],"ix":3},"r":{"a":0,"k":0,"ix":6},"o":{"a":0,"k":100,"ix":7},"sk":{"a":0,"k":0,"ix":4},"sa":{"a":0,"k":0,"ix":5},"nm":"Transform"}],"nm":"Ellipse 1","np":3,"cix":2,"bm":0,"ix":1,"mn":"ADBE Vector Group","hd":false}],"ip":40.0000016292334,"op":91.000003706506,"st":40.0000016292334,"bm":0},{"ddd":0,"ind":34,"ty":4,"nm":"Shape Layer 1","tt":2,"sr":1,"ks":{"o":{"a":0,"k":50,"ix":11},"r":{"a":0,"k":0,"ix":10},"p":{"a":0,"k":[125,125,0],"ix":2},"a":{"a":0,"k":[52.337,56.911,0],"ix":1},"s":{"a":1,"k":[{"i":{"x":[0.2,0.2,0.2],"y":[1,1,1]},"o":{"x":[0.2,0.2,0.2],"y":[0,0,0]},"t":35,"s":[0,0,100]},{"t":50.0000020365418,"s":[190,190,100]}],"ix":6}},"ao":0,"shapes":[{"ty":"gr","it":[{"d":1,"ty":"el","s":{"a":0,"k":[122.967,122.967],"ix":2},"p":{"a":0,"k":[0,0],"ix":3},"nm":"Ellipse Path 1","mn":"ADBE Vector Shape - Ellipse","hd":false},{"ty":"st","c":{"a":0,"k":[0.988235353956,0.376470618154,0.231372563979,1],"ix":3},"o":{"a":0,"k":100,"ix":4},"w":{"a":0,"k":0,"ix":5},"lc":1,"lj":1,"ml":4,"bm":0,"nm":"Stroke 1","mn":"ADBE Vector Graphic - Stroke","hd":false},{"ty":"fl","c":{"a":0,"k":[0.101960791794,0.717647058824,0.917647118662,1],"ix":4},"o":{"a":0,"k":100,"ix":5},"r":1,"bm":0,"nm":"Fill 1","mn":"ADBE Vector Graphic - Fill","hd":false},{"ty":"tr","p":{"a":0,"k":[52.337,56.911],"ix":2},"a":{"a":0,"k":[0,0],"ix":1},"s":{"a":0,"k":[100,100],"ix":3},"r":{"a":0,"k":0,"ix":6},"o":{"a":0,"k":100,"ix":7},"sk":{"a":0,"k":0,"ix":4},"sa":{"a":0,"k":0,"ix":5},"nm":"Transform"}],"nm":"Ellipse 1","np":3,"cix":2,"bm":0,"ix":1,"mn":"ADBE Vector Group","hd":false}],"ip":40.0000016292334,"op":91.000003706506,"st":35.0000014255792,"bm":0}],"markers":[]}